{"cameraMode":{"drawMode":0,"name":"Shaded","section":"Shading Mode"},"sceneLighting":true,"audioPlay":false,"sceneViewState":{"m_AlwaysRefresh":false,"showFog":true,"showSkybox":true,"showFlares":true,"showImageEffects":true,"showParticleSystems":true,"showVisualEffectGraphs":true,"m_FxEnabled":true},"in2DMode":false,"pivot":{"x":24.875818252563478,"y":2.589277505874634,"z":155.85198974609376},"rotation":{"x":-0.023294717073440553,"y":0.9436145424842835,"z":0.06805260479450226,"w":0.3231948912143707},"size":4.426080703735352,"orthographic":false}