{"cameraMode":{"drawMode":0,"name":"Shaded","section":"Shading Mode"},"sceneLighting":false,"audioPlay":false,"sceneViewState":{"m_AlwaysRefresh":false,"showFog":true,"showSkybox":false,"showFlares":true,"showImageEffects":true,"showParticleSystems":true,"showVisualEffectGraphs":true,"m_FxEnabled":false},"in2DMode":false,"pivot":{"x":31.90570831298828,"y":2.4910659790039064,"z":165.00613403320313},"rotation":{"x":0.11499901860952378,"y":-0.5567081570625305,"z":0.07816652208566666,"w":0.8190006613731384},"size":0.000020592520741047338,"orthographic":false}