{"cameraMode":{"drawMode":0,"name":"Shaded","section":"Shading Mode"},"sceneLighting":false,"audioPlay":false,"sceneViewState":{"m_AlwaysRefresh":false,"showFog":true,"showSkybox":false,"showFlares":true,"showImageEffects":true,"showParticleSystems":true,"showVisualEffectGraphs":true,"m_FxEnabled":false},"in2DMode":false,"pivot":{"x":28.54623794555664,"y":0.9281909465789795,"z":165.8303985595703},"rotation":{"x":0.22280676662921906,"y":-0.28875812888145449,"z":0.06928751617670059,"w":0.9285440444946289},"size":1.3900673389434815,"orthographic":false}