{"cameraMode":{"drawMode":0,"name":"Shaded","section":"Shading Mode"},"sceneLighting":false,"audioPlay":false,"sceneViewState":{"m_AlwaysRefresh":false,"showFog":true,"showSkybox":false,"showFlares":true,"showImageEffects":true,"showParticleSystems":true,"showVisualEffectGraphs":true,"m_FxEnabled":false},"in2DMode":false,"pivot":{"x":29.03045082092285,"y":0.9632190465927124,"z":166.76004028320313},"rotation":{"x":0.23490309715270997,"y":-0.18242540955543519,"z":0.044932007789611819,"w":0.9536987543106079},"size":1.3900673389434815,"orthographic":false}