{"cameraMode":{"drawMode":0,"name":"Shaded","section":"Shading Mode"},"sceneLighting":true,"audioPlay":false,"sceneViewState":{"m_AlwaysRefresh":false,"showFog":true,"showSkybox":true,"showFlares":true,"showImageEffects":true,"showParticleSystems":true,"showVisualEffectGraphs":true,"m_FxEnabled":false},"in2DMode":false,"pivot":{"x":10.88399600982666,"y":-1.818530797958374,"z":122.92337036132813},"rotation":{"x":0.03581607714295387,"y":-0.9587264060974121,"z":0.14049966633319856,"w":0.24476602673530579},"size":13.608617782592774,"orthographic":false}