{"cameraMode":{"drawMode":0,"name":"Shaded","section":"Shading Mode"},"sceneLighting":true,"audioPlay":false,"sceneViewState":{"m_AlwaysRefresh":false,"showFog":true,"showSkybox":true,"showFlares":true,"showImageEffects":true,"showParticleSystems":true,"showVisualEffectGraphs":true,"m_FxEnabled":false},"in2DMode":false,"pivot":{"x":284.2574768066406,"y":419.6583251953125,"z":20.045555114746095},"rotation":{"x":0.3870546221733093,"y":0.20884893834590913,"z":-0.09124352037906647,"w":0.8936240673065186},"size":43.536563873291019,"orthographic":false}