{"cameraMode":{"drawMode":0,"name":"Shaded","section":"Shading Mode"},"sceneLighting":true,"audioPlay":false,"sceneViewState":{"m_AlwaysRefresh":false,"showFog":true,"showSkybox":true,"showFlares":true,"showImageEffects":true,"showParticleSystems":true,"showVisualEffectGraphs":true,"m_FxEnabled":true},"in2DMode":false,"pivot":{"x":34.166900634765628,"y":2.605311155319214,"z":177.79270935058595},"rotation":{"x":-0.015394902788102627,"y":-0.6292449235916138,"z":0.012465117499232293,"w":-0.77698814868927},"size":1.3336901664733887,"orthographic":false}