{"cameraMode":{"drawMode":0,"name":"Shaded","section":"Shading Mode"},"sceneLighting":true,"audioPlay":false,"sceneViewState":{"m_AlwaysRefresh":false,"showFog":true,"showSkybox":true,"showFlares":true,"showImageEffects":true,"showParticleSystems":true,"showVisualEffectGraphs":true,"m_FxEnabled":true},"in2DMode":false,"pivot":{"x":29.35527229309082,"y":1.8962384462356568,"z":160.7284393310547},"rotation":{"x":0.018712611868977548,"y":0.7538692355155945,"z":-0.021491102874279023,"w":0.6564059257507324},"size":0.05921059846878052,"orthographic":false}