{"cameraMode":{"drawMode":0,"name":"Shaded","section":"Shading Mode"},"sceneLighting":true,"audioPlay":false,"sceneViewState":{"m_AlwaysRefresh":false,"showFog":true,"showSkybox":true,"showFlares":true,"showImageEffects":true,"showParticleSystems":true,"showVisualEffectGraphs":true,"m_FxEnabled":true},"in2DMode":false,"pivot":{"x":1.2849221229553223,"y":-1.941129207611084,"z":4.841413497924805},"rotation":{"x":0.042395662516355517,"y":-0.9436290264129639,"z":0.13336123526096345,"w":0.29997891187667849},"size":5.794006824493408,"orthographic":false}