{"cameraMode":{"drawMode":0,"name":"Shaded","section":"Shading Mode"},"sceneLighting":true,"audioPlay":false,"sceneViewState":{"m_AlwaysRefresh":false,"showFog":true,"showSkybox":true,"showFlares":true,"showImageEffects":true,"showParticleSystems":true,"showVisualEffectGraphs":true,"m_FxEnabled":true},"in2DMode":false,"pivot":{"x":21.205547332763673,"y":1.4764477014541627,"z":180.67584228515626},"rotation":{"x":0.2435208112001419,"y":0.006690193433314562,"z":-0.001679829671047628,"w":0.9698724150657654},"size":2.340789318084717,"orthographic":false}