{"cameraMode":{"drawMode":0,"name":"Shaded","section":"Shading Mode"},"sceneLighting":true,"audioPlay":false,"sceneViewState":{"m_AlwaysRefresh":false,"showFog":true,"showSkybox":true,"showFlares":true,"showImageEffects":true,"showParticleSystems":true,"showVisualEffectGraphs":true,"m_FxEnabled":true},"in2DMode":false,"pivot":{"x":29.61554527282715,"y":1.6815695762634278,"z":160.84866333007813},"rotation":{"x":-0.16270571947097779,"y":0.0298905149102211,"z":-0.004940378479659557,"w":-0.9862580299377441},"size":0.5941435694694519,"orthographic":false}