{"cameraMode":{"drawMode":0,"name":"Shaded","section":"Shading Mode"},"sceneLighting":true,"audioPlay":false,"sceneViewState":{"m_AlwaysRefresh":false,"showFog":true,"showSkybox":true,"showFlares":true,"showImageEffects":true,"showParticleSystems":true,"showVisualEffectGraphs":true,"m_FxEnabled":true},"in2DMode":false,"pivot":{"x":41.41328811645508,"y":5.055466175079346,"z":137.46908569335938},"rotation":{"x":0.20455265045166017,"y":0.5847477912902832,"z":-0.15542593598365785,"w":0.7694936990737915},"size":1.3336901664733887,"orthographic":false}