{"cameraMode":{"drawMode":0,"name":"Shaded","section":"Shading Mode"},"sceneLighting":true,"audioPlay":false,"sceneViewState":{"m_AlwaysRefresh":false,"showFog":true,"showSkybox":true,"showFlares":true,"showImageEffects":true,"showParticleSystems":true,"showVisualEffectGraphs":true,"m_FxEnabled":false},"in2DMode":false,"pivot":{"x":18.165557861328126,"y":8.713240623474121,"z":131.3763885498047},"rotation":{"x":0.00011742048809537664,"y":-0.9913051724433899,"z":0.1316177397966385,"w":0.000890778552275151},"size":0.43925946950912478,"orthographic":false}