{"cameraMode":{"drawMode":0,"name":"Shaded","section":"Shading Mode"},"sceneLighting":true,"audioPlay":false,"sceneViewState":{"m_AlwaysRefresh":false,"showFog":true,"showSkybox":true,"showFlares":true,"showImageEffects":true,"showParticleSystems":true,"showVisualEffectGraphs":true,"m_FxEnabled":true},"in2DMode":false,"pivot":{"x":20.98387336730957,"y":2.0646910667419435,"z":179.48439025878907},"rotation":{"x":0.2434043288230896,"y":0.03203927353024483,"z":-0.008009928278625012,"w":0.9694059491157532},"size":1.2927318811416627,"orthographic":false}