{"cameraMode":{"drawMode":0,"name":"Shaded","section":"Shading Mode"},"sceneLighting":true,"audioPlay":false,"sceneViewState":{"m_AlwaysRefresh":false,"showFog":true,"showSkybox":true,"showFlares":true,"showImageEffects":true,"showParticleSystems":true,"showVisualEffectGraphs":true,"m_FxEnabled":true},"in2DMode":false,"pivot":{"x":29.606000900268556,"y":1.6629998683929444,"z":25.98900032043457},"rotation":{"x":0.07369919121265412,"y":0.17999780178070069,"z":-0.013525635004043579,"w":0.9808141589164734},"size":1.0098438262939454,"orthographic":false}