{"cameraMode":{"drawMode":0,"name":"Shaded","section":"Shading Mode"},"sceneLighting":true,"audioPlay":false,"sceneViewState":{"m_AlwaysRefresh":false,"showFog":true,"showSkybox":true,"showFlares":true,"showImageEffects":true,"showParticleSystems":true,"showVisualEffectGraphs":true,"m_FxEnabled":true},"in2DMode":false,"pivot":{"x":42.958900451660159,"y":3.958355188369751,"z":12.247986793518067},"rotation":{"x":-0.00713674770668149,"y":-0.9900388121604919,"z":0.052902255207300189,"w":-0.13163629174232484},"size":2.785356044769287,"orthographic":false}