{"cameraMode":{"drawMode":0,"name":"Shaded","section":"Shading Mode"},"sceneLighting":true,"audioPlay":false,"sceneViewState":{"m_AlwaysRefresh":false,"showFog":true,"showSkybox":true,"showFlares":true,"showImageEffects":true,"showParticleSystems":true,"showVisualEffectGraphs":true,"m_FxEnabled":true},"in2DMode":false,"pivot":{"x":30.52243423461914,"y":1.254809021949768,"z":22.92540168762207},"rotation":{"x":-0.00713674770668149,"y":-0.9900388121604919,"z":0.052902255207300189,"w":-0.13163629174232484},"size":1.7146435976028443,"orthographic":false}