{"cameraMode":{"drawMode":0,"name":"Shaded","section":"Shading Mode"},"sceneLighting":true,"audioPlay":false,"sceneViewState":{"m_AlwaysRefresh":false,"showFog":true,"showSkybox":true,"showFlares":true,"showImageEffects":true,"showParticleSystems":true,"showVisualEffectGraphs":true,"m_FxEnabled":true},"in2DMode":false,"pivot":{"x":30.25019073486328,"y":18.240427017211915,"z":161.95281982421876},"rotation":{"x":0.0051992954686284069,"y":0.9878172278404236,"z":-0.15232428908348084,"w":0.03316686302423477},"size":0.8008341193199158,"orthographic":false}