{"cameraMode":{"drawMode":0,"name":"Shaded","section":"Shading Mode"},"sceneLighting":true,"audioPlay":false,"sceneViewState":{"m_AlwaysRefresh":false,"showFog":true,"showSkybox":true,"showFlares":true,"showImageEffects":true,"showParticleSystems":true,"showVisualEffectGraphs":true,"m_FxEnabled":false},"in2DMode":false,"pivot":{"x":16.264047622680665,"y":1.6196792125701905,"z":134.27105712890626},"rotation":{"x":0.07888954132795334,"y":-0.808129608631134,"z":0.11125331372022629,"w":0.5730259418487549},"size":1.6131210327148438,"orthographic":false}