{"cameraMode":{"drawMode":0,"name":"Shaded","section":"Shading Mode"},"sceneLighting":true,"audioPlay":false,"sceneViewState":{"m_AlwaysRefresh":false,"showFog":true,"showSkybox":true,"showFlares":true,"showImageEffects":true,"showParticleSystems":true,"showVisualEffectGraphs":true,"m_FxEnabled":true},"in2DMode":false,"pivot":{"x":39.579044342041019,"y":0.9594540596008301,"z":118.98065185546875},"rotation":{"x":-0.00015714336768724024,"y":0.9971884489059448,"z":-0.07492966204881668,"w":-0.002095703035593033},"size":3.866024971008301,"orthographic":false}