{"cameraMode":{"drawMode":0,"name":"Shaded","section":"Shading Mode"},"sceneLighting":true,"audioPlay":false,"sceneViewState":{"m_AlwaysRefresh":false,"showFog":true,"showSkybox":true,"showFlares":true,"showImageEffects":true,"showParticleSystems":true,"showVisualEffectGraphs":true,"m_FxEnabled":true},"in2DMode":false,"pivot":{"x":30.565502166748048,"y":1.4070560932159424,"z":160.7488250732422},"rotation":{"x":0.024848653003573419,"y":0.7707028388977051,"z":-0.03004816360771656,"w":0.6360618472099304},"size":0.5660253763198853,"orthographic":false}