{"cameraMode":{"drawMode":0,"name":"Shaded","section":"Shading Mode"},"sceneLighting":true,"audioPlay":false,"sceneViewState":{"m_AlwaysRefresh":false,"showFog":true,"showSkybox":true,"showFlares":true,"showImageEffects":true,"showParticleSystems":true,"showVisualEffectGraphs":true,"m_FxEnabled":true},"in2DMode":false,"pivot":{"x":25.1317138671875,"y":4.379846572875977,"z":130.62115478515626},"rotation":{"x":-0.0037761481944471599,"y":0.9962051510810852,"z":-0.056844502687454227,"w":-0.06618016958236695},"size":4.056053638458252,"orthographic":false}