{"cameraMode":{"drawMode":0,"name":"Shaded","section":"Shading Mode"},"sceneLighting":true,"audioPlay":false,"sceneViewState":{"m_AlwaysRefresh":false,"showFog":true,"showSkybox":true,"showFlares":true,"showImageEffects":true,"showParticleSystems":true,"showVisualEffectGraphs":true,"m_FxEnabled":true},"in2DMode":false,"pivot":{"x":28.37508201599121,"y":2.016500473022461,"z":160.40711975097657},"rotation":{"x":0.053566135466098788,"y":0.6811801195144653,"z":-0.050237540155649188,"w":0.7285047173500061},"size":0.030981184914708139,"orthographic":false}