{"cameraMode":{"drawMode":0,"name":"Shaded","section":"Shading Mode"},"sceneLighting":false,"audioPlay":false,"sceneViewState":{"m_AlwaysRefresh":false,"showFog":true,"showSkybox":false,"showFlares":true,"showImageEffects":true,"showParticleSystems":true,"showVisualEffectGraphs":true,"m_FxEnabled":false},"in2DMode":false,"pivot":{"x":29.17070770263672,"y":1.7078355550765992,"z":161.74290466308595},"rotation":{"x":0.14950962364673615,"y":-0.3901265561580658,"z":0.06436087191104889,"w":0.9062699675559998},"size":0.3694787621498108,"orthographic":false}