{"cameraMode":{"drawMode":0,"name":"Shaded","section":"Shading Mode"},"sceneLighting":false,"audioPlay":false,"sceneViewState":{"m_AlwaysRefresh":false,"showFog":true,"showSkybox":false,"showFlares":true,"showImageEffects":true,"showParticleSystems":true,"showVisualEffectGraphs":true,"m_FxEnabled":false},"in2DMode":false,"pivot":{"x":-2.0679430961608888,"y":-1.1861906051635743,"z":3.463407039642334},"rotation":{"x":0.14680148661136628,"y":-0.36990904808044436,"z":0.059316933155059817,"w":0.9154884219169617},"size":4.0783562660217289,"orthographic":false}