{"cameraMode":{"drawMode":0,"name":"Shaded","section":"Shading Mode"},"sceneLighting":false,"audioPlay":false,"sceneViewState":{"m_AlwaysRefresh":false,"showFog":true,"showSkybox":false,"showFlares":true,"showImageEffects":true,"showParticleSystems":true,"showVisualEffectGraphs":true,"m_FxEnabled":false},"in2DMode":false,"pivot":{"x":29.127361297607423,"y":1.7357150316238404,"z":161.7109832763672},"rotation":{"x":0.24015061557292939,"y":-0.34048131108283999,"z":0.09039486944675446,"w":0.9045713543891907},"size":0.3694787621498108,"orthographic":false}